Country,No_of_Customers,total_sales,Avg_sales_per_cust,Avg_order_value
USA,91,523.0600000000004,40.24,5.75
Canada,56,303.96,38.0,5.43
France,35,195.09999999999994,39.02,5.57
Brazil,35,190.1,38.02,5.43
Germany,28,156.48,39.12,5.59
United Kingdom,21,112.85999999999999,37.62,5.37
Czech Republic,14,90.24,45.12,6.45
Portugal,14,77.24,38.62,5.52
India,13,75.25999999999999,37.63,5.79
